{"Sex": 0.042054433375597, "Chest Pain": 0.327746719121933, "Fasting Blood Pressure > 120 mg/dl": 0.02920626476407051, "Resting Electrocardiographic Results": 0.02211558260023594, "Previous Peak": 0.1763279289007187, "Slope": 0.07533346861600876, "Number of Major Vessels": 0.08898481726646423}